"Source","Meand13C","SDd13C","Meand15N","SDd15N"
"Detritivore",0.869215358260814,0.322286357124072,1.47005363293502,0.913501303633597
"Rice_herb",1.14501327848684,0.464425467351252,2.40490493463236,0.578537401035362
"Tour_herb",0.687918506999474,0.574339797805817,2.10732390587276,0.669243363963206
